{
  "0": {
    "precision": 0.8326352530541012,
    "recall": 0.836577240049097,
    "f1-score": 0.8346015918831453,
    "support": 5703.0
  },
  "1": {
    "precision": 0.8150793650793651,
    "recall": 0.8107361357805407,
    "f1-score": 0.8129019491441575,
    "support": 5067.0
  },
  "accuracy": 0.8244196843082637,
  "macro avg": {
    "precision": 0.8238573090667332,
    "recall": 0.8236566879148188,
    "f1-score": 0.8237517705136514,
    "support": 10770.0
  },
  "weighted avg": {
    "precision": 0.8243756723328396,
    "recall": 0.8244196843082637,
    "f1-score": 0.8243924841989809,
    "support": 10770.0
  }
}